Workbook

Sheet Cover & Sign-off
A1: RevRecon: Revenue Leakage & SLA Billing Reconciliation
A2: Period under review: Oct 2025 to Sep 2026
A4: Objective
A5: Confirm every contract-period with metered usage was invoiced at the contracted tier price, net of any SLA credit owed (BRD BR-01 to BR-05).
A7: Procedures
A8: 1. Re-perform expected billing from usage events and contract terms (Recon Detail).
A9: 2. Agree each expected amount to the invoice register; investigate differences over 0.01.
A10: 3. Classify each exception by root cause and assign an owner (Exceptions).
A11: 4. Agree Summary totals to vw_billing_reconciliation in MySQL and to the Power BI Executive Summary.
A13: Tickmark legend
A14: R Re-performed: recalculated from source data without exception
A15: A Agreed to invoice register
... A23: Date reviewed

Sheet Summary
A1: Exception Type | B1: Count | C1: Net Leakage | D1: Under-billed | E1: Over-billed
A2: UNBILLED_USAGE | B2: =COUNTIFS('Recon Detail'!$R$2:$R$692,A2) | C2: =SUMIFS('Recon Detail'!$Q$2:$Q$692,'Recon Detail'!$R$2:$R$692,A2) | D2: =SUMIFS('Recon Detail'!$Q$2:$Q$692,'Recon Detail'!$R$2:$R$692,A2,'Recon Detail'!$Q$2:$Q$692,">0") | E2: =-SUMIFS('Recon Detail'!$Q$2:$Q$692,'Recon Detail'!$R$2:$R$692,A2,'Recon Detail'!$Q$2:$Q$692,"<0")
A3: TIER_PRICING_VARIANCE | B3: =COUNTIFS('Recon Detail'!$R$2:$R$692,A3) | C3: =SUMIFS('Recon Detail'!$Q$2:$Q$692,'Recon Detail'!$R$2:$R$692,A3) | D3: =SUMIFS('Recon Detail'!$Q$2:$Q$692,'Recon Detail'!$R$2:$R$692,A3,'Recon Detail'!$Q$2:$Q$692,">0") | E3: =-SUMIFS('Recon Detail'!$Q$2:$Q$692,'Recon Detail'!$R$2:$R$692,A3,'Recon Detail'!$Q$2:$Q$692,"<0")
A4: MISSED_SLA_CREDIT | B4: =COUNTIFS('Recon Detail'!$R$2:$R$692,A4) | C4: =SUMIFS('Recon Detail'!$Q$2:$Q$692,'Recon Detail'!$R$2:$R$692,A4) | D4: =SUMIFS('Recon Detail'!$Q$2:$Q$692,'Recon Detail'!$R$2:$R$692,A4,'Recon Detail'!$Q$2:$Q$692,">0") | E4: =-SUMIFS('Recon Detail'!$Q$2:$Q$692,'Recon Detail'!$R$2:$R$692,A4,'Recon Detail'!$Q$2:$Q$692,"<0")
A5: RECONCILED | B5: =COUNTIFS('Recon Detail'!$R$2:$R$692,A5) | C5: =SUMIFS('Recon Detail'!$Q$2:$Q$692,'Recon Detail'!$R$2:$R$692,A5) | D5: =SUMIFS('Recon Detail'!$Q$2:$Q$692,'Recon Detail'!$R$2:$R$692,A5,'Recon Detail'!$Q$2:$Q$692,">0") | E5: =-SUMIFS('Recon Detail'!$Q$2:$Q$692,'Recon Detail'!$R$2:$R$692,A5,'Recon Detail'!$Q$2:$Q$692,"<0")
A6: Total | B6: =SUM(B2:B5) | C6: =SUM(C2:C5) | D6: =SUM(D2:D5) | E6: =SUM(E2:E5)
A11: Total Expected Revenue | B11: =SUM('Recon Detail'!$N$2:$N$692)
A12: Total Billed Revenue | B12: =SUM('Recon Detail'!$P$2:$P$692)
A13: Net Leakage Variance | B13: =B11-B12
A14: % Leakage Exposure | B14: =IF(B11=0,0,B13/B11)
A15: Gross Exposure (under + over) | B15: =D6+E6

Sheet Recon Detail
A1: Customer ID | B1: Company | C1: Tier | D1: Contract ID | E1: Billing Period | F1: Events | G1: Units | H1: Billable Units | I1: Availability % | J1: SLA Target % | K1: Credit % | L1: Gross Expected | M1: SLA Credit | N1: Net Expected | O1: Invoice ID | P1: Billed | Q1: Leakage | R1: Exception Type | S1: Tickmark
A2: 1 | B2: Rodriguez, Figueroa and Sanchez | C2: Starter | D2: 5001 | E2: 45931 | F2: 49 | G2: 1871 | H2: 1871 | I2: 100 | J2: 98 | K2: 0 | L2: 314.52 | M2: 0 | N2: 314.52 | O2: 100001 | P2: 314.52 | Q2: 0 | R2: RECONCILED
A3: 2 | B3: Doyle Ltd | C3: Starter | D3: 5002 | E3: 45931 | F3: 30 | G3: 956 | H3: 1100 | I3: 100 | J3: 98 | K3: 0 | L3: 188.21 | M3: 0 | N3: 188.21 | O3: 100002 | P3: 188.21 | Q3: 0 | R3: RECONCILED
A4: 3 | B4: Mcclain, Miller and Henderson | C4: Growth | D4: 5003 | E4: 45931 | F4: 38 | G4: 1079 | H4: 1400 | I4: 100 | J4: 99 | K4: 0 | L4: 151.58 | M4: 0 | N4: 151.58 | O4: 100003 | P4: 151.58 | Q4: 0 | R4: RECONCILED
A5: 5 | B5: Guzman, Hoffman and Baldwin | C5: Enterprise | D5: 5005 | E5: 45931 | F5: 178 | G5: 5763 | H5: 5763 | I5: 98.876 | J5: 99.5 | K5: 0.1 | L5: 341.63 | M5: 34.16 | N5: 307.47 | O5: 100004 | P5: 307.47 | Q5: 0 | R5: RECONCILED
A6: 6 | B6: Gardner, Robinson and Lawrence | C6: Enterprise | D6: 5006 | E6: 45931 | F6: 88 | G6: 2828 | H6: 2828 | I6: 100 | J6: 99.5 | K6: 0 | L6: 192.3 | M6: 0 | N6: 192.3 | O6: 100005 | P6: 192.3 | Q6: 0 | R6: RECONCILED
A7: 7 | B7: Blake and Sons | C7: Starter | D7: 5007 | E7: 45931 | F7: 65 | G7: 1928 | H7: 1928 | I7: 90.769 | J7: 98 | K7: 0.25 | L7: 316.38 | M7: 79.1 | N7: 237.28 | O7: 100006 | P7: 316.38 | Q7: -79.1 | R7: MISSED_SLA_CREDIT
A8: 8 | B8: Henderson, Ramirez and Lewis | C8: Enterprise | D8: 5008 | E8: 45931 | F8: 137 | G8: 4226 | H8: 4800 | I8: 100 | J8: 99.5 | K8: 0 | L8: 320.26 | M8: 0 | N8: 320.26 | O8: 100007 | P8: 320.26 | Q8: 0 | R8: RECONCILED
A9: 9 | B9: Garcia-James | C9: Growth | D9: 5009 | E9: 45931 | F9: 40 | G9: 1288 | H9: 1500 | I9: 100 | J9: 99 | K9: 0 | L9: 152.01 | M9: 0 | N9: 152.01 | O9: 100008 | P9: 152.01 | Q9: 0 | R9: RECONCILED
A10: 10 | B10: Abbott-Munoz | C10: Starter | D10: 5010 | E10: 45931 | F10: 38 | G10: 1217 | H10: 1217 | I10: 100 | J10: 98 | K10: 0 | L10: 184.74 | M10: 0 | N10: 184.74 | O10: 100009 | P10: 184.74 | Q10: 0 | R10: RECONCILED
A11: 11 | B11: Blair PLC | C11: Enterprise | D11: 5011 | E11: 45931 | F11: 84 | G11: 2625 | H11: 2700 | I11: 100 | J11: 99.5 | K11: 0 | L11: 148.61 | M11: 0 | N11: 148.61 | O11: 100010 | P11: 148.61 | Q11: 0 | R11: RECONCILED
A12: 12 | B12: Dudley Group | C12: Starter | D12: 5012 | E12: 45931 | F12: 44 | G12: 1557 | H12: 1557 | I12: 100 | J12: 98 | K12: 0 | L12: 215.33 | M12: 0 | N12: 215.33 | O12: 100011 | P12: 215.33 | Q12: 0 | R12: RECONCILED
A13: 13 | B13: Arnold Ltd | C13: Enterprise | D13: 5013 | E13: 45931 | F13: 111 | G13: 3814 | H13: 3814 | I13: 100 | J13: 99.5 | K13: 0 | L13: 197.11 | M13: 0 | N13: 197.11 | O13: 100012 | P13: 197.11 | Q13: 0 | R13: RECONCILED
... A23: 24 | B23: Morales-Jones | C23: Starter | D23: 5024 | E23: 45931 | F23: 41 | G23: 1380 | H23: 1400 | I23: 100 | J23: 98 | K23: 0 | L23: 238.56 | M23: 0 | N23: 238.56 | O23: 100022 | P23: 238.56 | Q23: 0 | R23: RECONCILED
A24: 26 | B24: Wilkerson-Day | C24: Enterprise | D24: 5026 | E24: 45931 | F24: 151 | G24: 4921 | H24: 5400 | I24: 97.351 | J24: 99.5 | K24: 0.25 | L24: 374.98 | M24: 93.75 | N24: 281.23 | Q24: 281.23 | R24: UNBILLED_USAGE
A25: 27 | B25: Baker and Sons | C25: Growth | D25: 5027 | E25: 45931 | F25: 89 | G25: 2656 | H25: 2656 | I25: 100 | J25: 99 | K25: 0 | L25: 286.61 | M25: 0 | N25: 286.61 | O25: 100023 | P25: 254.76 | Q25: 31.85 | R25: TIER_PRICING_VARIANCE
A26: 29 | B26: Ross, Robinson and Bright | C26: Growth | D26: 5029 | E26: 45931 | F26: 55 | G26: 1751 | H26: 2100 | I26: 100 | J26: 99 | K26: 0 | L26: 207.9 | M26: 0 | N26: 207.9 | O26: 100024 | P26: 207.9 | Q26: 0 | R26: RECONCILED
A27: 30 | B27: Snyder, Campos and Callahan | C27: Enterprise | D27: 5030 | E27: 45931 | F27: 95 | G27: 3102 | H27: 3102 | I27: 100 | J27: 99.5 | K27: 0 | L27: 186.62 | M27: 0 | N27: 186.62 | O27: 100025 | P27: 186.62 | Q27: 0 | R27: RECONCILED
A28: 31 | B28: Burton Ltd | C28: Starter | D28: 5031 | E28: 45931 | F28: 66 | G28: 2181 | H28: 2181 | I28: 100 | J28: 98 | K28: 0 | L28: 297.92 | M28: 0 | N28: 297.92 | O28: 100026 | P28: 297.92 | Q28: 0 | R28: RECONCILED
A29: 32 | B29: Carlson-Cruz | C29: Enterprise | D29: 5032 | E29: 45931 | F29: 110 | G29: 3456 | H29: 3456 | I29: 100 | J29: 99.5 | K29: 0 | L29: 245.24 | M29: 0 | N29: 245.24 | O29: 100027 | P29: 245.24 | Q29: 0 | R29: RECONCILED
A30: 34 | B30: Frazier Inc | C30: Growth | D30: 5034 | E30: 45931 | F30: 102 | G30: 3534 | H30: 3534 | I30: 100 | J30: 99 | K30: 0 | L30: 386.12 | M30: 0 | N30: 386.12 | O30: 100028 | P30: 386.12 | Q30: 0 | R30: RECONCILED
A31: 35 | B31: Dyer, Potter and Mack | C31: Enterprise | D31: 5035 | E31: 45931 | F31: 159 | G31: 5405 | H31: 5405 | I31: 100 | J31: 99.5 | K31: 0 | L31: 338.14 | M31: 0 | N31: 338.14 | O31: 100029 | P31: 338.14 | Q31: 0 | R31: RECONCILED
A32: 36 | B32: Rodriguez-Graham | C32: Starter | D32: 5036 | E32: 45931 | F32: 42 | G32: 1318 | H32: 1318 | I32: 100 | J32: 98 | K32: 0 | L32: 228.54 | M32: 0 | N32: 228.54 | Q32: 228.54 | R32: UNBILLED_USAGE
A33: 37 | B33: Smith-Bowen | C33: Growth | D33: 5037 | E33: 45931 | F33: 82 | G33: 2489 | H33: 2489 | I33: 100 | J33: 99 | K33: 0 | L33: 207.66 | M33: 0 | N33: 207.66 | O33: 100030 | P33: 184.58 | Q33: 23.08 | R33: TIER_PRICING_VARIANCE
A34: 38 | B34: Baker, Mason and White | C34: Growth | D34: 5038 | E34: 45931 | F34: 55 | G34: 1719 | H34: 2000 | I34: 100 | J34: 99 | K34: 0 | L34: 173.88 | M34: 0 | N34: 173.88 | O34: 100031 | P34: 173.88 | Q34: 0 | R34: RECONCILED
A35: 39 | B35: Harrell LLC | C35: Enterprise | D35: 5039 | E35: 45931 | F35: 71 | G35: 2371 | H35: 2371 | I35: 100 | J35: 99.5 | K35: 0 | L35: 116.84 | M35: 0 | N35: 116.84 | O35: 100032 | P35: 116.84 | Q35: 0 | R35: RECONCILED
A36: 40 | B36: Romero, Gonzalez and Brooks | C36: Growth | D36: 5040 | E36: 45931 | F36: 64 | G36: 2089 | H36: 2089 | I36: 100 | J36: 99 | K36: 0 | L36: 233.13 | M36: 0 | N36: 233.13 | O36: 100033 | P36: 233.13 | Q36: 0 | R36: RECONCILED
A37: 41 | B37: Ryan PLC | C37: Enterprise | D37: 5041 | E37: 45931 | F37: 105 | G37: 3707 | H37: 3707 | I37: 100 | J37: 99.5 | K37: 0 | L37: 182.38 | M37: 0 | N37: 182.38 | O37: 100034 | P37: 182.38 | Q37: 0 | R37: RECONCILED
A38: 42 | B38: George Group | C38: Growth | D38: 5042 | E38: 45931 | F38: 97 | G38: 3141 | H38: 3141 | I38: 100 | J38: 99 | K38: 0 | L38: 265.73 | M38: 0 | N38: 265.73 | O38: 100035 | P38: 265.73 | Q38: 0 | R38: RECONCILED
A39: 44 | B39: Allen-Allen | C39: Enterprise | D39: 5044 | E39: 45931 | F39: 159 | G39: 5436 | H39: 5436 | I39: 100 | J39: 99.5 | K39: 0 | L39: 344.42 | M39: 0 | N39: 344.42 | O39: 100036 | P39: 344.42 | Q39: 0 | R39: RECONCILED
A40: 45 | B40: Arroyo, Miller and Tucker | C40: Enterprise | D40: 5045 | E40: 45931 | F40: 129 | G40: 4059 | H40: 4059 | I40: 100 | J40: 99.5 | K40: 0 | L40: 230.55 | M40: 0 | N40: 230.55 | O40: 100037 | P40: 230.55 | Q40: 0 | R40: RECONCILED
A41: 46 | B41: Spence PLC | C41: Growth | D41: 5046 | E41: 45931 | F41: 64 | G41: 2063 | H41: 2063 | I41: 100 | J41: 99 | K41: 0 | L41: 202.75 | M41: 0 | N41: 202.75 | O41: 100038 | P41: 202.75 | Q41: 0 | R41: RECONCILED
A42: 47 | B42: Anderson Group | C42: Growth | D42: 5047 | E42: 45931 | F42: 78 | G42: 2533 | H42: 2533 | I42: 100 | J42: 99 | K42: 0 | L42: 262.85 | M42: 0 | N42: 262.85 | O42: 100039 | P42: 262.85 | Q42: 0 | R42: RECONCILED
A43: 48 | B43: Martin, Rose and Obrien | C43: Enterprise | D43: 5048 | E43: 45931 | F43: 134 | G43: 4303 | H43: 4303 | I43: 100 | J43: 99.5 | K43: 0 | L43: 269.88 | M43: 0 | N43: 269.88 | O43: 100040 | P43: 269.88 | Q43: 0 | R43: RECONCILED
A44: 51 | B44: Brooks, Lam and Hayes | C44: Growth | D44: 5051 | E44: 45931 | F44: 67 | G44: 2275 | H44: 2300 | I44: 100 | J44: 99 | K44: 0 | L44: 249.64 | M44: 0 | N44: 249.64 | O44: 100041 | P44: 249.64 | Q44: 0 | R44: RECONCILED
... A64: 14 | B64: Mcclure, Ward and Lee | C64: Starter | D64: 5014 | E64: 45962 | F64: 37 | G64: 1236 | H64: 1236 | I64: 100 | J64: 98 | K64: 0 | L64: 166.12 | M64: 0 | N64: 166.12 | O64: 100061 | P64: 166.12 | Q64: 0 | R64: RECONCILED
A65: 16 | B65: Galloway-Wyatt | C65: Starter | D65: 5016 | E65: 45962 | F65: 21 | G65: 620 | H65: 800 | I65: 100 | J65: 98 | K65: 0 | L65: 112.08 | M65: 0 | N65: 112.08 | Q65: 112.08 | R65: UNBILLED_USAGE
A66: 17 | B66: James Group | C66: Growth | D66: 5017 | E66: 45962 | F66: 103 | G66: 2915 | H66: 2915 | I66: 93.204 | J66: 99 | K66: 0.25 | L66: 281.5 | M66: 70.38 | N66: 211.12 | O66: 100062 | P66: 211.12 | Q66: 0 | R66: RECONCILED
A67: 18 | B67: Flowers, Martin and Kelly | C67: Growth | D67: 5018 | E67: 45962 | F67: 45 | G67: 1376 | H67: 1376 | I67: 100 | J67: 99 | K67: 0 | L67: 135.98 | M67: 0 | N67: 135.98 | O67: 100063 | P67: 135.98 | Q67: 0 | R67: RECONCILED
A68: 19 | B68: Adams, Zuniga and Wong | C68: Growth | D68: 5019 | E68: 45962 | F68: 79 | G68: 2727 | H68: 2727 | I68: 100 | J68: 99 | K68: 0 | L68: 277.83 | M68: 0 | N68: 277.83 | O68: 100064 | P68: 277.83 | Q68: 0 | R68: RECONCILED
A69: 20 | B69: Reid, Ferguson and Sanchez | C69: Growth | D69: 5020 | E69: 45962 | F69: 97 | G69: 3207 | H69: 3207 | I69: 100 | J69: 99 | K69: 0 | L69: 269.29 | M69: 0 | N69: 269.29 | O69: 100065 | P69: 269.29 | Q69: 0 | R69: RECONCILED
A70: 21 | B70: Gray-Mayo | C70: Growth | D70: 5021 | E70: 45962 | F70: 60 | G70: 2083 | H70: 2100 | I70: 100 | J70: 99 | K70: 0 | L70: 195.24 | M70: 0 | N70: 195.24 | O70: 100066 | P70: 195.24 | Q70: 0 | R70: RECONCILED
A71: 22 | B71: Watts, Robinson and Nguyen | C71: Growth | D71: 5022 | E71: 45962 | F71: 86 | G71: 2705 | H71: 2705 | I71: 98.837 | J71: 99 | K71: 0.1 | L71: 273.15 | M71: 27.32 | N71: 245.83 | O71: 100067 | P71: 245.83 | Q71: 0 | R71: RECONCILED
A72: 23 | B72: Perez Inc | C72: Enterprise | D72: 5023 | E72: 45962 | F72: 141 | G72: 4461 | H72: 4500 | I72: 96.454 | J72: 99.5 | K72: 0.25 | L72: 227.52 | M72: 56.88 | N72: 170.64 | O72: 100068 | P72: 170.64 | Q72: 0 | R72: RECONCILED
A73: 24 | B73: Morales-Jones | C73: Starter | D73: 5024 | E73: 45962 | F73: 46 | G73: 1483 | H73: 1483 | I73: 100 | J73: 98 | K73: 0 | L73: 252.7 | M73: 0 | N73: 252.7 | O73: 100069 | P73: 252.7 | Q73: 0 | R73: RECONCILED
A74: 26 | B74: Wilkerson-Day | C74: Enterprise | D74: 5026 | E74: 45962 | F74: 147 | G74: 4907 | H74: 5400 | I74: 100 | J74: 99.5 | K74: 0 | L74: 374.98 | M74: 0 | N74: 374.98 | O74: 100070 | P74: 374.98 | Q74: 0 | R74: RECONCILED
A75: 27 | B75: Baker and Sons | C75: Growth | D75: 5027 | E75: 45962 | F75: 73 | G75: 2567 | H75: 2567 | I75: 100 | J75: 99 | K75: 0 | L75: 277 | M75: 0 | N75: 277 | O75: 100071 | P75: 277 | Q75: 0 | R75: RECONCILED
A76: 29 | B76: Ross, Robinson and Bright | C76: Growth | D76: 5029 | E76: 45962 | F76: 67 | G76: 2141 | H76: 2141 | I76: 100 | J76: 99 | K76: 0 | L76: 211.96 | M76: 0 | N76: 211.96 | O76: 100072 | P76: 211.96 | Q76: 0 | R76: RECONCILED
A77: 30 | B77: Snyder, Campos and Callahan | C77: Enterprise | D77: 5030 | E77: 45962 | F77: 97 | G77: 3292 | H77: 3292 | I77: 100 | J77: 99.5 | K77: 0 | L77: 198.05 | M77: 0 | N77: 198.05 | O77: 100073 | P77: 198.05 | Q77: 0 | R77: RECONCILED
A78: 31 | B78: Burton Ltd | C78: Starter | D78: 5031 | E78: 45962 | F78: 48 | G78: 1699 | H78: 1699 | I78: 100 | J78: 98 | K78: 0 | L78: 232.08 | M78: 0 | N78: 232.08 | Q78: 232.08 | R78: UNBILLED_USAGE
A79: 32 | B79: Carlson-Cruz | C79: Enterprise | D79: 5032 | E79: 45962 | F79: 88 | G79: 2955 | H79: 3200 | I79: 100 | J79: 99.5 | K79: 0 | L79: 227.07 | M79: 0 | N79: 227.07 | O79: 100074 | P79: 227.07 | Q79: 0 | R79: RECONCILED
A80: 34 | B80: Frazier Inc | C80: Growth | D80: 5034 | E80: 45962 | F80: 89 | G80: 2958 | H80: 2958 | I80: 100 | J80: 99 | K80: 0 | L80: 323.19 | M80: 0 | N80: 323.19 | O80: 100075 | P80: 323.19 | Q80: 0 | R80: RECONCILED
A81: 35 | B81: Dyer, Potter and Mack | C81: Enterprise | D81: 5035 | E81: 45962 | F81: 150 | G81: 5072 | H81: 5072 | I81: 96.667 | J81: 99.5 | K81: 0.25 | L81: 317.3 | M81: 79.33 | N81: 237.97 | O81: 100076 | P81: 237.97 | Q81: 0 | R81: RECONCILED
A82: 36 | B82: Rodriguez-Graham | C82: Starter | D82: 5036 | E82: 45962 | F82: 31 | G82: 952 | H82: 1100 | I82: 100 | J82: 98 | K82: 0 | L82: 190.74 | M82: 0 | N82: 190.74 | O82: 100077 | P82: 190.74 | Q82: 0 | R82: RECONCILED
A83: 37 | B83: Smith-Bowen | C83: Growth | D83: 5037 | E83: 45962 | F83: 82 | G83: 2868 | H83: 2868 | I83: 100 | J83: 99 | K83: 0 | L83: 239.28 | M83: 0 | N83: 239.28 | O83: 100078 | P83: 239.28 | Q83: 0 | R83: RECONCILED
A84: 38 | B84: Baker, Mason and White | C84: Growth | D84: 5038 | E84: 45962 | F84: 57 | G84: 1959 | H84: 2000 | I84: 100 | J84: 99 | K84: 0 | L84: 173.88 | M84: 0 | N84: 173.88 | O84: 100079 | P84: 173.88 | Q84: 0 | R84: RECONCILED
A85: 39 | B85: Harrell LLC | C85: Enterprise | D85: 5039 | E85: 45962 | F85: 57 | G85: 1923 | H85: 2000 | I85: 100 | J85: 99.5 | K85: 0 | L85: 98.56 | M85: 0 | N85: 98.56 | O85: 100080 | P85: 98.56 | Q85: 0 | R85: RECONCILED
A86: 40 | B86: Romero, Gonzalez and Brooks | C86: Growth | D86: 5040 | E86: 45962 | F86: 55 | G86: 1606 | H86: 2000 | I86: 94.545 | J86: 99 | K86: 0.25 | L86: 223.2 | M86: 55.8 | N86: 167.4 | O86: 100081 | P86: 167.4 | Q86: 0 | R86: RECONCILED
A87: 41 | B87: Ryan PLC | C87: Enterprise | D87: 5041 | E87: 45962 | F87: 97 | G87: 3095 | H87: 3095 | I87: 100 | J87: 99.5 | K87: 0 | L87: 152.27 | M87: 0 | N87: 152.27 | O87: 100082 | P87: 152.27 | Q87: 0 | R87: RECONCILED
A88: 42 | B88: George Group | C88: Growth | D88: 5042 | E88: 45962 | F88: 100 | G88: 3315 | H88: 3315 | I88: 100 | J88: 99 | K88: 0 | L88: 280.45 | M88: 0 | N88: 280.45 | O88: 100083 | P88: 280.45 | Q88: 0 | R88: RECONCILED
A89: 43 | B89: Rodriguez LLC | C89: Starter | D89: 5043 | E89: 45962 | F89: 49 | G89: 1575 | H89: 1600 | I89: 97.959 | J89: 98 | K89: 0.1 | L89: 270.24 | M89: 27.02 | N89: 243.22 | O89: 100084 | P89: 243.22 | Q89: 0 | R89: RECONCILED
A90: 44 | B90: Allen-Allen | C90: Enterprise | D90: 5044 | E90: 45962 | F90: 141 | G90: 4540 | H90: 4540 | I90: 100 | J90: 99.5 | K90: 0 | L90: 287.65 | M90: 0 | N90: 287.65 | O90: 100085 | P90: 287.65 | Q90: 0 | R90: RECONCILED
... A128: 26 | B128: Wilkerson-Day | C128: Enterprise | D128: 5026 | E128: 45992 | F128: 151 | G128: 4916 | H128: 5400 | I128: 100 | J128: 99.5 | K128: 0 | L128: 374.98 | M128: 0 | N128: 374.98 | O128: 100123 | P128: 374.98 | Q128: 0 | R128: RECONCILED
A129: 27 | B129: Baker and Sons | C129: Growth | D129: 5027 | E129: 45992 | F129: 83 | G129: 2784 | H129: 2784 | I129: 100 | J129: 99 | K129: 0 | L129: 300.42 | M129: 0 | N129: 300.42 | Q129: 300.42 | R129: UNBILLED_USAGE
A130: 29 | B130: Ross, Robinson and Bright | C130: Growth | D130: 5029 | E130: 45992 | F130: 53 | G130: 1789 | H130: 2100 | I130: 100 | J130: 99 | K130: 0 | L130: 207.9 | M130: 0 | N130: 207.9 | O130: 100124 | P130: 207.9 | Q130: 0 | R130: RECONCILED
A131: 30 | B131: Snyder, Campos and Callahan | C131: Enterprise | D131: 5030 | E131: 45992 | F131: 99 | G131: 3267 | H131: 3267 | I131: 100 | J131: 99.5 | K131: 0 | L131: 196.54 | M131: 0 | N131: 196.54 | O131: 100125 | P131: 196.54 | Q131: 0 | R131: RECONCILED
A132: 31 | B132: Burton Ltd | C132: Starter | D132: 5031 | E132: 45992 | F132: 70 | G132: 2318 | H132: 2318 | I132: 100 | J132: 98 | K132: 0 | L132: 316.64 | M132: 0 | N132: 316.64 | O132: 100126 | P132: 316.64 | Q132: 0 | R132: RECONCILED
A133: 32 | B133: Carlson-Cruz | C133: Enterprise | D133: 5032 | E133: 45992 | F133: 103 | G133: 3213 | H133: 3213 | I133: 100 | J133: 99.5 | K133: 0 | L133: 227.99 | M133: 0 | N133: 227.99 | O133: 100127 | P133: 227.99 | Q133: 0 | R133: RECONCILED
A134: 33 | B134: Ferrell, Rice and Maddox | C134: Enterprise | D134: 5033 | E134: 45992 | F134: 121 | G134: 3802 | H134: 3802 | I134: 99.174 | J134: 99.5 | K134: 0.1 | L134: 195.27 | M134: 19.53 | N134: 175.74 | O134: 100128 | P134: 175.74 | Q134: 0 | R134: RECONCILED
A135: 34 | B135: Frazier Inc | C135: Growth | D135: 5034 | E135: 45992 | F135: 94 | G135: 2940 | H135: 2940 | I135: 100 | J135: 99 | K135: 0 | L135: 321.22 | M135: 0 | N135: 321.22 | O135: 100129 | P135: 321.22 | Q135: 0 | R135: RECONCILED
A136: 35 | B136: Dyer, Potter and Mack | C136: Enterprise | D136: 5035 | E136: 45992 | F136: 133 | G136: 4254 | H136: 4600 | I136: 99.248 | J136: 99.5 | K136: 0.1 | L136: 287.78 | M136: 28.78 | N136: 259 | O136: 100130 | P136: 259 | Q136: 0 | R136: RECONCILED
A137: 36 | B137: Rodriguez-Graham | C137: Starter | D137: 5036 | E137: 45992 | F137: 32 | G137: 1063 | H137: 1100 | I137: 100 | J137: 98 | K137: 0 | L137: 190.74 | M137: 0 | N137: 190.74 | Q137: 190.74 | R137: UNBILLED_USAGE
A138: 37 | B138: Smith-Bowen | C138: Growth | D138: 5037 | E138: 45992 | F138: 83 | G138: 2745 | H138: 2745 | I138: 100 | J138: 99 | K138: 0 | L138: 229.02 | M138: 0 | N138: 229.02 | O138: 100131 | P138: 229.02 | Q138: 0 | R138: RECONCILED
A139: 38 | B139: Baker, Mason and White | C139: Growth | D139: 5038 | E139: 45992 | F139: 54 | G139: 1866 | H139: 2000 | I139: 100 | J139: 99 | K139: 0 | L139: 173.88 | M139: 0 | N139: 173.88 | O139: 100132 | P139: 173.88 | Q139: 0 | R139: RECONCILED
A140: 39 | B140: Harrell LLC | C140: Enterprise | D140: 5039 | E140: 45992 | F140: 80 | G140: 2419 | H140: 2419 | I140: 100 | J140: 99.5 | K140: 0 | L140: 119.21 | M140: 0 | N140: 119.21 | O140: 100133 | P140: 119.21 | Q140: 0 | R140: RECONCILED
A141: 40 | B141: Romero, Gonzalez and Brooks | C141: Growth | D141: 5040 | E141: 45992 | F141: 69 | G141: 2168 | H141: 2168 | I141: 98.551 | J141: 99 | K141: 0.1 | L141: 241.95 | M141: 24.2 | N141: 217.75 | O141: 100134 | P141: 217.75 | Q141: 0 | R141: RECONCILED
A142: 41 | B142: Ryan PLC | C142: Enterprise | D142: 5041 | E142: 45992 | F142: 99 | G142: 3008 | H142: 3008 | I142: 98.99 | J142: 99.5 | K142: 0.1 | L142: 147.99 | M142: 14.8 | N142: 133.19 | O142: 100135 | P142: 133.19 | Q142: 0 | R142: RECONCILED
A143: 42 | B143: George Group | C143: Growth | D143: 5042 | E143: 45992 | F143: 91 | G143: 2786 | H143: 3100 | I143: 96.703 | J143: 99 | K143: 0.25 | L143: 262.26 | M143: 65.57 | N143: 196.69 | O143: 100136 | P143: 196.69 | Q143: 0 | R143: RECONCILED
A144: 43 | B144: Rodriguez LLC | C144: Starter | D144: 5043 | E144: 45992 | F144: 53 | G144: 1591 | H144: 1600 | I144: 100 | J144: 98 | K144: 0 | L144: 270.24 | M144: 0 | N144: 270.24 | O144: 100137 | P144: 270.24 | Q144: 0 | R144: RECONCILED
A145: 44 | B145: Allen-Allen | C145: Enterprise | D145: 5044 | E145: 45992 | F145: 155 | G145: 5249 | H145: 5249 | I145: 100 | J145: 99.5 | K145: 0 | L145: 332.58 | M145: 0 | N145: 332.58 | O145: 100138 | P145: 332.58 | Q145: 0 | R145: RECONCILED
A146: 45 | B146: Arroyo, Miller and Tucker | C146: Enterprise | D146: 5045 | E146: 45992 | F146: 100 | G146: 3150 | H146: 3300 | I146: 100 | J146: 99.5 | K146: 0 | L146: 187.44 | M146: 0 | N146: 187.44 | O146: 100139 | P146: 187.44 | Q146: 0 | R146: RECONCILED
A147: 46 | B147: Spence PLC | C147: Growth | D147: 5046 | E147: 45992 | F147: 58 | G147: 1701 | H147: 2000 | I147: 100 | J147: 99 | K147: 0 | L147: 196.56 | M147: 0 | N147: 196.56 | O147: 100140 | P147: 196.56 | Q147: 0 | R147: RECONCILED
A148: 47 | B148: Anderson Group | C148: Growth | D148: 5047 | E148: 45992 | F148: 65 | G148: 2008 | H148: 2400 | I148: 100 | J148: 99 | K148: 0 | L148: 249.05 | M148: 0 | N148: 249.05 | O148: 100141 | P148: 249.05 | Q148: 0 | R148: RECONCILED
A149: 48 | B149: Martin, Rose and Obrien | C149: Enterprise | D149: 5048 | E149: 45992 | F149: 145 | G149: 4841 | H149: 4841 | I149: 100 | J149: 99.5 | K149: 0 | L149: 303.63 | M149: 0 | N149: 303.63 | O149: 100142 | P149: 303.63 | Q149: 0 | R149: RECONCILED
... A154: 55 | B154: Jones Inc | C154: Growth | D154: 5055 | E154: 45992 | F154: 106 | G154: 3414 | H154: 3414 | I154: 100 | J154: 99 | K154: 0 | L154: 322.93 | M154: 0 | N154: 322.93 | O154: 100147 | P154: 322.93 | Q154: 0 | R154: RECONCILED
A155: 57 | B155: Washington, Ryan and Cummings | C155: Growth | D155: 5057 | E155: 45992 | F155: 50 | G155: 1573 | H155: 1900 | I155: 100 | J155: 99 | K155: 0 | L155: 185.19 | M155: 0 | N155: 185.19 | Q155: 185.19 | R155: UNBILLED_USAGE
A156: 58 | B156: Johnston, Sanchez and Kennedy | C156: Growth | D156: 5058 | E156: 45992 | F156: 78 | G156: 2270 | H156: 3000 | I156: 100 | J156: 99 | K156: 0 | L156: 338.04 | M156: 0 | N156: 338.04 | O156: 100148 | P156: 338.04 | Q156: 0 | R156: RECONCILED
A157: 59 | B157: Lee-Davis | C157: Enterprise | D157: 5059 | E157: 45992 | F157: 184 | G157: 5584 | H157: 5584 | I157: 100 | J157: 99.5 | K157: 0 | L157: 280.09 | M157: 0 | N157: 280.09 | O157: 100149 | P157: 280.09 | Q157: 0 | R157: RECONCILED
A158: 60 | B158: Gomez-Jenkins | C158: Starter | D158: 5060 | E158: 45992 | F158: 23 | G158: 784 | H158: 800 | I158: 100 | J158: 98 | K158: 0 | L158: 140.4 | M158: 0 | N158: 140.4 | Q158: 140.4 | R158: UNBILLED_USAGE
A159: 1 | B159: Rodriguez, Figueroa and Sanchez | C159: Starter | D159: 5001 | E159: 46023 | F159: 47 | G159: 1528 | H159: 1600 | I159: 100 | J159: 98 | K159: 0 | L159: 268.96 | M159: 0 | N159: 268.96 | O159: 100150 | P159: 268.96 | Q159: 0 | R159: RECONCILED
A160: 2 | B160: Doyle Ltd | C160: Starter | D160: 5002 | E160: 46023 | F160: 28 | G160: 876 | H160: 1100 | I160: 100 | J160: 98 | K160: 0 | L160: 188.21 | M160: 0 | N160: 188.21 | O160: 100151 | P160: 188.21 | Q160: 0 | R160: RECONCILED
A161: 3 | B161: Mcclain, Miller and Henderson | C161: Growth | D161: 5003 | E161: 46023 | F161: 46 | G161: 1493 | H161: 1493 | I161: 100 | J161: 99 | K161: 0 | L161: 161.65 | M161: 0 | N161: 161.65 | O161: 100152 | P161: 161.65 | Q161: 0 | R161: RECONCILED
A162: 4 | B162: Davis and Sons | C162: Growth | D162: 5004 | E162: 46023 | F162: 92 | G162: 3022 | H162: 3022 | I162: 100 | J162: 99 | K162: 0 | L162: 249.68 | M162: 0 | N162: 249.68 | O162: 100153 | P162: 249.68 | Q162: 0 | R162: RECONCILED
A163: 5 | B163: Guzman, Hoffman and Baldwin | C163: Enterprise | D163: 5005 | E163: 46023 | F163: 148 | G163: 4767 | H163: 4800 | I163: 100 | J163: 99.5 | K163: 0 | L163: 284.54 | M163: 0 | N163: 284.54 | O163: 100154 | P163: 284.54 | Q163: 0 | R163: RECONCILED
A164: 6 | B164: Gardner, Robinson and Lawrence | C164: Enterprise | D164: 5006 | E164: 46023 | F164: 80 | G164: 2352 | H164: 2800 | I164: 100 | J164: 99.5 | K164: 0 | L164: 190.4 | M164: 0 | N164: 190.4 | O164: 100155 | P164: 190.4 | Q164: 0 | R164: RECONCILED
A165: 7 | B165: Blake and Sons | C165: Starter | D165: 5007 | E165: 46023 | F165: 55 | G165: 1921 | H165: 1921 | I165: 100 | J165: 98 | K165: 0 | L165: 315.24 | M165: 0 | N165: 315.24 | O165: 100156 | P165: 315.24 | Q165: 0 | R165: RECONCILED
A166: 8 | B166: Henderson, Ramirez and Lewis | C166: Enterprise | D166: 5008 | E166: 46023 | F166: 136 | G166: 4248 | H166: 4800 | I166: 99.265 | J166: 99.5 | K166: 0.1 | L166: 320.26 | M166: 32.03 | N166: 288.23 | O166: 100157 | P166: 288.23 | Q166: 0 | R166: RECONCILED
A167: 9 | B167: Garcia-James | C167: Growth | D167: 5009 | E167: 46023 | F167: 49 | G167: 1738 | H167: 1738 | I167: 100 | J167: 99 | K167: 0 | L167: 176.13 | M167: 0 | N167: 176.13 | O167: 100158 | P167: 176.13 | Q167: 0 | R167: RECONCILED
A168: 10 | B168: Abbott-Munoz | C168: Starter | D168: 5010 | E168: 46023 | F168: 36 | G168: 1144 | H168: 1144 | I168: 100 | J168: 98 | K168: 0 | L168: 173.66 | M168: 0 | N168: 173.66 | O168: 100159 | P168: 173.66 | Q168: 0 | R168: RECONCILED
A169: 11 | B169: Blair PLC | C169: Enterprise | D169: 5011 | E169: 46023 | F169: 90 | G169: 2885 | H169: 2885 | I169: 100 | J169: 99.5 | K169: 0 | L169: 158.79 | M169: 0 | N169: 158.79 | O169: 100160 | P169: 198.49 | Q169: -39.7 | R169: TIER_PRICING_VARIANCE
...

Sheet Exceptions
A1: Customer ID | B1: Company | C1: Tier | D1: Contract ID | E1: Billing Period | F1: Events | G1: Units | H1: Billable Units | I1: Availability % | J1: SLA Target % | K1: Credit % | L1: Gross Expected | M1: SLA Credit | N1: Net Expected | O1: Invoice ID | P1: Billed | Q1: Leakage | R1: Exception Type | S1: Root Cause Confirmed | T1: Owner | U1: Resolution | V1: Status
A2: 7 | B2: Blake and Sons | C2: Starter | D2: 5007 | E2: 45931 | F2: 65 | G2: 1928 | H2: 1928 | I2: 90.769 | J2: 98 | K2: 0.25 | L2: 316.38 | M2: 79.1 | N2: 237.28 | O2: 100006 | P2: 316.38 | Q2: -79.1 | R2: MISSED_SLA_CREDIT
A3: 14 | B3: Mcclure, Ward and Lee | C3: Starter | D3: 5014 | E3: 45931 | F3: 31 | G3: 896 | H3: 1000 | I3: 93.548 | J3: 98 | K3: 0.25 | L3: 134.4 | M3: 33.6 | N3: 100.8 | O3: 100013 | P3: 134.4 | Q3: -33.6 | R3: MISSED_SLA_CREDIT
A4: 26 | B4: Wilkerson-Day | C4: Enterprise | D4: 5026 | E4: 45931 | F4: 151 | G4: 4921 | H4: 5400 | I4: 97.351 | J4: 99.5 | K4: 0.25 | L4: 374.98 | M4: 93.75 | N4: 281.23 | Q4: 281.23 | R4: UNBILLED_USAGE
A5: 27 | B5: Baker and Sons | C5: Growth | D5: 5027 | E5: 45931 | F5: 89 | G5: 2656 | H5: 2656 | I5: 100 | J5: 99 | K5: 0 | L5: 286.61 | M5: 0 | N5: 286.61 | O5: 100023 | P5: 254.76 | Q5: 31.85 | R5: TIER_PRICING_VARIANCE
A6: 36 | B6: Rodriguez-Graham | C6: Starter | D6: 5036 | E6: 45931 | F6: 42 | G6: 1318 | H6: 1318 | I6: 100 | J6: 98 | K6: 0 | L6: 228.54 | M6: 0 | N6: 228.54 | Q6: 228.54 | R6: UNBILLED_USAGE
A7: 37 | B7: Smith-Bowen | C7: Growth | D7: 5037 | E7: 45931 | F7: 82 | G7: 2489 | H7: 2489 | I7: 100 | J7: 99 | K7: 0 | L7: 207.66 | M7: 0 | N7: 207.66 | O7: 100030 | P7: 184.58 | Q7: 23.08 | R7: TIER_PRICING_VARIANCE
A8: 57 | B8: Washington, Ryan and Cummings | C8: Growth | D8: 5057 | E8: 45931 | F8: 55 | G8: 1916 | H8: 1916 | I8: 100 | J8: 99 | K8: 0 | L8: 186.75 | M8: 0 | N8: 186.75 | O8: 100045 | P8: 207.5 | Q8: -20.75 | R8: TIER_PRICING_VARIANCE
A9: 2 | B9: Doyle Ltd | C9: Starter | D9: 5002 | E9: 45962 | F9: 38 | G9: 1168 | H9: 1168 | I9: 97.368 | J9: 98 | K9: 0.1 | L9: 199.84 | M9: 19.98 | N9: 179.86 | O9: 100050 | P9: 199.84 | Q9: -19.98 | R9: MISSED_SLA_CREDIT
A10: 16 | B10: Galloway-Wyatt | C10: Starter | D10: 5016 | E10: 45962 | F10: 21 | G10: 620 | H10: 800 | I10: 100 | J10: 98 | K10: 0 | L10: 112.08 | M10: 0 | N10: 112.08 | Q10: 112.08 | R10: UNBILLED_USAGE
A11: 31 | B11: Burton Ltd | C11: Starter | D11: 5031 | E11: 45962 | F11: 48 | G11: 1699 | H11: 1699 | I11: 100 | J11: 98 | K11: 0 | L11: 232.08 | M11: 0 | N11: 232.08 | Q11: 232.08 | R11: UNBILLED_USAGE
A12: 51 | B12: Brooks, Lam and Hayes | C12: Growth | D12: 5051 | E12: 45962 | F12: 66 | G12: 2058 | H12: 2300 | I12: 96.97 | J12: 99 | K12: 0.25 | L12: 249.64 | M12: 62.41 | N12: 187.23 | O12: 100090 | P12: 249.64 | Q12: -62.41 | R12: MISSED_SLA_CREDIT
A13: 3 | B13: Mcclain, Miller and Henderson | C13: Growth | D13: 5003 | E13: 45992 | F13: 46 | G13: 1565 | H13: 1565 | I13: 100 | J13: 99 | K13: 0 | L13: 169.44 | M13: 0 | N13: 169.44 | O13: 100101 | P13: 188.27 | Q13: -18.83 | R13: TIER_PRICING_VARIANCE
A14: 27 | B14: Baker and Sons | C14: Growth | D14: 5027 | E14: 45992 | F14: 83 | G14: 2784 | H14: 2784 | I14: 100 | J14: 99 | K14: 0 | L14: 300.42 | M14: 0 | N14: 300.42 | Q14: 300.42 | R14: UNBILLED_USAGE
A15: 36 | B15: Rodriguez-Graham | C15: Starter | D15: 5036 | E15: 45992 | F15: 32 | G15: 1063 | H15: 1100 | I15: 100 | J15: 98 | K15: 0 | L15: 190.74 | M15: 0 | N15: 190.74 | Q15: 190.74 | R15: UNBILLED_USAGE
A16: 57 | B16: Washington, Ryan and Cummings | C16: Growth | D16: 5057 | E16: 45992 | F16: 50 | G16: 1573 | H16: 1900 | I16: 100 | J16: 99 | K16: 0 | L16: 185.19 | M16: 0 | N16: 185.19 | Q16: 185.19 | R16: UNBILLED_USAGE
A17: 60 | B17: Gomez-Jenkins | C17: Starter | D17: 5060 | E17: 45992 | F17: 23 | G17: 784 | H17: 800 | I17: 100 | J17: 98 | K17: 0 | L17: 140.4 | M17: 0 | N17: 140.4 | Q17: 140.4 | R17: UNBILLED_USAGE
A18: 11 | B18: Blair PLC | C18: Enterprise | D18: 5011 | E18: 46023 | F18: 90 | G18: 2885 | H18: 2885 | I18: 100 | J18: 99.5 | K18: 0 | L18: 158.79 | M18: 0 | N18: 158.79 | O18: 100160 | P18: 198.49 | Q18: -39.7 | R18: TIER_PRICING_VARIANCE
A19: 24 | B19: Morales-Jones | C19: Starter | D19: 5024 | E19: 46023 | F19: 48 | G19: 1642 | H19: 1642 | I19: 100 | J19: 98 | K19: 0 | L19: 279.8 | M19: 0 | N19: 279.8 | O19: 100173 | P19: 223.84 | Q19: 55.96 | R19: TIER_PRICING_VARIANCE
A20: 48 | B20: Martin, Rose and Obrien | C20: Enterprise | D20: 5048 | E20: 46023 | F20: 124 | G20: 4095 | H20: 4095 | I20: 100 | J20: 99.5 | K20: 0 | L20: 256.84 | M20: 0 | N20: 256.84 | Q20: 256.84 | R20: UNBILLED_USAGE
A21: 52 | B21: Walker LLC | C21: Starter | D21: 5052 | E21: 46023 | F21: 63 | G21: 2056 | H21: 2056 | I21: 95.238 | J21: 98 | K21: 0.25 | L21: 276.33 | M21: 69.08 | N21: 207.25 | O21: 100198 | P21: 276.33 | Q21: -69.08 | R21: MISSED_SLA_CREDIT
A22: 58 | B22: Johnston, Sanchez and Kennedy | C22: Growth | D22: 5058 | E22: 46023 | F22: 85 | G22: 2836 | H22: 3000 | I22: 100 | J22: 99 | K22: 0 | L22: 338.04 | M22: 0 | N22: 338.04 | Q22: 338.04 | R22: UNBILLED_USAGE
A23: 60 | B23: Gomez-Jenkins | C23: Starter | D23: 5060 | E23: 46023 | F23: 27 | G23: 836 | H23: 836 | I23: 100 | J23: 98 | K23: 0 | L23: 146.72 | M23: 0 | N23: 146.72 | Q23: 146.72 | R23: UNBILLED_USAGE
A24: 1 | B24: Rodriguez, Figueroa and Sanchez | C24: Starter | D24: 5001 | E24: 46054 | F24: 47 | G24: 1571 | H24: 1600 | I24: 100 | J24: 98 | K24: 0 | L24: 268.96 | M24: 0 | N24: 268.96 | O24: 100204 | P24: 242.06 | Q24: 26.9 | R24: TIER_PRICING_VARIANCE
A25: 9 | B25: Garcia-James | C25: Growth | D25: 5009 | E25: 46054 | F25: 44 | G25: 1322 | H25: 1500 | I25: 97.727 | J25: 99 | K25: 0.25 | L25: 152.01 | M25: 38 | N25: 114.01 | O25: 100212 | P25: 152.01 | Q25: -38 | R25: MISSED_SLA_CREDIT
A26: 22 | B26: Watts, Robinson and Nguyen | C26: Growth | D26: 5022 | E26: 46054 | F26: 89 | G26: 2897 | H26: 2897 | I26: 100 | J26: 99 | K26: 0 | L26: 292.54 | M26: 0 | N26: 292.54 | Q26: 292.54 | R26: UNBILLED_USAGE
A27: 38 | B27: Baker, Mason and White | C27: Growth | D27: 5038 | E27: 46054 | F27: 69 | G27: 2255 | H27: 2255 | I27: 97.101 | J27: 99 | K27: 0.25 | L27: 196.05 | M27: 49.01 | N27: 147.04 | O27: 100239 | P27: 196.05 | Q27: -49.01 | R27: MISSED_SLA_CREDIT
A28: 59 | B28: Lee-Davis | C28: Enterprise | D28: 5059 | E28: 46054 | F28: 176 | G28: 5802 | H28: 5802 | I28: 100 | J28: 99.5 | K28: 0 | L28: 291.03 | M28: 0 | N28: 291.03 | O28: 100258 | P28: 327.41 | Q28: -36.38 | R28: TIER_PRICING_VARIANCE
A29: 5 | B29: Guzman, Hoffman and Baldwin | C29: Enterprise | D29: 5005 | E29: 46082 | F29: 183 | G29: 6397 | H29: 6397 | I29: 100 | J29: 99.5 | K29: 0 | L29: 379.21 | M29: 0 | N29: 379.21 | O29: 100264 | P29: 474.02 | Q29: -94.81 | R29: TIER_PRICING_VARIANCE
A30: 7 | B30: Blake and Sons | C30: Starter | D30: 5007 | E30: 46082 | F30: 50 | G30: 1714 | H30: 1714 | I30: 100 | J30: 98 | K30: 0 | L30: 281.27 | M30: 0 | N30: 281.27 | O30: 100266 | P30: 253.14 | Q30: 28.13 | R30: TIER_PRICING_VARIANCE
A31: 32 | B31: Carlson-Cruz | C31: Enterprise | D31: 5032 | E31: 46082 | F31: 101 | G31: 3536 | H31: 3536 | I31: 100 | J31: 99.5 | K31: 0 | L31: 250.91 | M31: 0 | N31: 250.91 | O31: 100291 | P31: 313.64 | Q31: -62.73 | R31: TIER_PRICING_VARIANCE
A32: 46 | B32: Spence PLC | C32: Growth | D32: 5046 | E32: 46082 | F32: 68 | G32: 2183 | H32: 2183 | I32: 100 | J32: 99 | K32: 0 | L32: 214.55 | M32: 0 | N32: 214.55 | Q32: 214.55 | R32: UNBILLED_USAGE
A33: 2 | B33: Doyle Ltd | C33: Starter | D33: 5002 | E33: 46113 | F33: 39 | G33: 1230 | H33: 1230 | I33: 100 | J33: 98 | K33: 0 | L33: 210.45 | M33: 0 | N33: 210.45 | O33: 100320 | P33: 168.36 | Q33: 42.09 | R33: TIER_PRICING_VARIANCE
A34: 10 | B34: Abbott-Munoz | C34: Starter | D34: 5010 | E34: 46113 | F34: 34 | G34: 1210 | H34: 1210 | I34: 100 | J34: 98 | K34: 0 | L34: 183.68 | M34: 0 | N34: 183.68 | O34: 100328 | P34: 146.94 | Q34: 36.74 | R34: TIER_PRICING_VARIANCE
A35: 22 | B35: Watts, Robinson and Nguyen | C35: Growth | D35: 5022 | E35: 46113 | F35: 99 | G35: 2988 | H35: 2988 | I35: 100 | J35: 99 | K35: 0 | L35: 301.73 | M35: 0 | N35: 301.73 | Q35: 301.73 | R35: UNBILLED_USAGE
A36: 52 | B36: Walker LLC | C36: Starter | D36: 5052 | E36: 46113 | F36: 52 | G36: 1665 | H36: 1665 | I36: 100 | J36: 98 | K36: 0 | L36: 223.78 | M36: 0 | N36: 223.78 | Q36: 223.78 | R36: UNBILLED_USAGE
A37: 58 | B37: Johnston, Sanchez and Kennedy | C37: Growth | D37: 5058 | E37: 46113 | F37: 100 | G37: 3388 | H37: 3388 | I37: 98 | J37: 99 | K37: 0.25 | L37: 381.76 | M37: 95.44 | N37: 286.32 | O37: 100374 | P37: 381.76 | Q37: -95.44 | R37: MISSED_SLA_CREDIT
A38: 3 | B38: Mcclain, Miller and Henderson | C38: Growth | D38: 5003 | E38: 46143 | F38: 37 | G38: 1335 | H38: 1400 | I38: 100 | J38: 99 | K38: 0 | L38: 151.58 | M38: 0 | N38: 151.58 | O38: 100379 | P38: 134.74 | Q38: 16.84 | R38: TIER_PRICING_VARIANCE
A39: 11 | B39: Blair PLC | C39: Enterprise | D39: 5011 | E39: 46143 | F39: 103 | G39: 3344 | H39: 3344 | I39: 100 | J39: 99.5 | K39: 0 | L39: 184.05 | M39: 0 | N39: 184.05 | Q39: 184.05 | R39: UNBILLED_USAGE
A40: 19 | B40: Adams, Zuniga and Wong | C40: Growth | D40: 5019 | E40: 46143 | F40: 90 | G40: 2934 | H40: 2934 | I40: 100 | J40: 99 | K40: 0 | L40: 298.92 | M40: 0 | N40: 298.92 | O40: 100394 | P40: 332.13 | Q40: -33.21 | R40: TIER_PRICING_VARIANCE
A41: 22 | B41: Watts, Robinson and Nguyen | C41: Growth | D41: 5022 | E41: 46143 | F41: 86 | G41: 2525 | H41: 2525 | I41: 100 | J41: 99 | K41: 0 | L41: 254.97 | M41: 0 | N41: 254.97 | O41: 100397 | P41: 283.31 | Q41: -28.34 | R41: TIER_PRICING_VARIANCE
A42: 31 | B42: Burton Ltd | C42: Starter | D42: 5031 | E42: 46143 | F42: 56 | G42: 1802 | H42: 1802 | I42: 100 | J42: 98 | K42: 0 | L42: 246.15 | M42: 0 | N42: 246.15 | Q42: 246.15 | R42: UNBILLED_USAGE
A43: 40 | B43: Romero, Gonzalez and Brooks | C43: Growth | D43: 5040 | E43: 46143 | F43: 73 | G43: 2222 | H43: 2222 | I43: 100 | J43: 99 | K43: 0 | L43: 247.98 | M43: 0 | N43: 247.98 | Q43: 247.98 | R43: UNBILLED_USAGE
A44: 48 | B44: Martin, Rose and Obrien | C44: Enterprise | D44: 5048 | E44: 46143 | F44: 123 | G44: 4135 | H44: 4135 | I44: 100 | J44: 99.5 | K44: 0 | L44: 259.35 | M44: 0 | N44: 259.35 | O44: 100421 | P44: 291.77 | Q44: -32.42 | R44: TIER_PRICING_VARIANCE
A45: 58 | B45: Johnston, Sanchez and Kennedy | C45: Growth | D45: 5058 | E45: 46143 | F45: 97 | G45: 3339 | H45: 3339 | I45: 100 | J45: 99 | K45: 0 | L45: 376.24 | M45: 0 | N45: 376.24 | O45: 100431 | P45: 418.04 | Q45: -41.8 | R45: TIER_PRICING_VARIANCE
A46: 34 | B46: Frazier Inc | C46: Growth | D46: 5034 | E46: 46174 | F46: 94 | G46: 2997 | H46: 2997 | I46: 100 | J46: 99 | K46: 0 | L46: 327.45 | M46: 0 | N46: 327.45 | O46: 100467 | P46: 291.07 | Q46: 36.38 | R46: TIER_PRICING_VARIANCE
A47: 37 | B47: Smith-Bowen | C47: Growth | D47: 5037 | E47: 46174 | F47: 77 | G47: 2508 | H47: 2508 | I47: 100 | J47: 99 | K47: 0 | L47: 209.24 | M47: 0 | N47: 209.24 | Q47: 209.24 | R47: UNBILLED_USAGE
A48: 42 | B48: George Group | C48: Growth | D48: 5042 | E48: 46174 | F48: 92 | G48: 2805 | H48: 3100 | I48: 100 | J48: 99 | K48: 0 | L48: 262.26 | M48: 0 | N48: 262.26 | O48: 100474 | P48: 233.12 | Q48: 29.14 | R48: TIER_PRICING_VARIANCE
A49: 51 | B49: Brooks, Lam and Hayes | C49: Growth | D49: 5051 | E49: 46174 | F49: 60 | G49: 2031 | H49: 2300 | I49: 100 | J49: 99 | K49: 0 | L49: 249.64 | M49: 0 | N49: 249.64 | Q49: 249.64 | R49: UNBILLED_USAGE
A50: 59 | B50: Lee-Davis | C50: Enterprise | D50: 5059 | E50: 46174 | F50: 171 | G50: 5319 | H50: 5319 | I50: 100 | J50: 99.5 | K50: 0 | L50: 266.8 | M50: 0 | N50: 266.8 | O50: 100490 | P50: 333.5 | Q50: -66.7 | R50: TIER_PRICING_VARIANCE
A51: 3 | B51: Mcclain, Miller and Henderson | C51: Growth | D51: 5003 | E51: 46204 | F51: 37 | G51: 1199 | H51: 1400 | I51: 100 | J51: 99 | K51: 0 | L51: 151.58 | M51: 0 | N51: 151.58 | O51: 100494 | P51: 134.74 | Q51: 16.84 | R51: TIER_PRICING_VARIANCE
A52: 29 | B52: Ross, Robinson and Bright | C52: Growth | D52: 5029 | E52: 46204 | F52: 55 | G52: 1812 | H52: 2100 | I52: 98.182 | J52: 99 | K52: 0.1 | L52: 207.9 | M52: 20.79 | N52: 187.11 | O52: 100520 | P52: 207.9 | Q52: -20.79 | R52: MISSED_SLA_CREDIT
A53: 3 | B53: Mcclain, Miller and Henderson | C53: Growth | D53: 5003 | E53: 46235 | F53: 50 | G53: 1653 | H53: 1653 | I53: 100 | J53: 99 | K53: 0 | L53: 178.97 | M53: 0 | N53: 178.97 | O53: 100554 | P53: 198.86 | Q53: -19.89 | R53: TIER_PRICING_VARIANCE
A54: 5 | B54: Guzman, Hoffman and Baldwin | C54: Enterprise | D54: 5005 | E54: 46235 | F54: 165 | G54: 5355 | H54: 5355 | I54: 100 | J54: 99.5 | K54: 0 | L54: 317.44 | M54: 0 | N54: 317.44 | Q54: 317.44 | R54: UNBILLED_USAGE
A55: 7 | B55: Blake and Sons | C55: Starter | D55: 5007 | E55: 46235 | F55: 46 | G55: 1464 | H55: 1464 | I55: 100 | J55: 98 | K55: 0 | L55: 240.24 | M55: 0 | N55: 240.24 | Q55: 240.24 | R55: UNBILLED_USAGE
A56: 21 | B56: Gray-Mayo | C56: Growth | D56: 5021 | E56: 46235 | F56: 80 | G56: 2266 | H56: 2266 | I56: 97.5 | J56: 99 | K56: 0.25 | L56: 210.67 | M56: 52.67 | N56: 158 | O56: 100570 | P56: 210.67 | Q56: -52.67 | R56: MISSED_SLA_CREDIT
A57: 31 | B57: Burton Ltd | C57: Starter | D57: 5031 | E57: 46235 | F57: 59 | G57: 1797 | H57: 1797 | I57: 100 | J57: 98 | K57: 0 | L57: 245.47 | M57: 0 | N57: 245.47 | O57: 100580 | P57: 196.38 | Q57: 49.09 | R57: TIER_PRICING_VARIANCE
A58: 44 | B58: Allen-Allen | C58: Enterprise | D58: 5044 | E58: 46235 | F58: 175 | G58: 5546 | H58: 5546 | I58: 100 | J58: 99.5 | K58: 0 | L58: 351.39 | M58: 0 | N58: 351.39 | O58: 100593 | P58: 439.24 | Q58: -87.85 | R58: TIER_PRICING_VARIANCE
A59: 59 | B59: Lee-Davis | C59: Enterprise | D59: 5059 | E59: 46235 | F59: 175 | G59: 5591 | H59: 5591 | I59: 94.857 | J59: 99.5 | K59: 0.25 | L59: 280.44 | M59: 70.11 | N59: 210.33 | O59: 100608 | P59: 280.44 | Q59: -70.11 | R59: MISSED_SLA_CREDIT
A60: 3 | B60: Mcclain, Miller and Henderson | C60: Growth | D60: 5003 | E60: 46266 | F60: 49 | G60: 1706 | H60: 1706 | I60: 100 | J60: 99 | K60: 0 | L60: 184.71 | M60: 0 | N60: 184.71 | O60: 100612 | P60: 205.23 | Q60: -20.52 | R60: TIER_PRICING_VARIANCE
A61: 9 | B61: Garcia-James | C61: Growth | D61: 5009 | E61: 46266 | F61: 62 | G61: 2070 | H61: 2070 | I61: 100 | J61: 99 | K61: 0 | L61: 209.77 | M61: 0 | N61: 209.77 | O61: 100618 | P61: 186.47 | Q61: 23.3 | R61: TIER_PRICING_VARIANCE
A62: 11 | B62: Blair PLC | C62: Enterprise | D62: 5011 | E62: 46266 | F62: 78 | G62: 2859 | H62: 2859 | I62: 100 | J62: 99.5 | K62: 0 | L62: 157.36 | M62: 0 | N62: 157.36 | O62: 100620 | P62: 196.7 | Q62: -39.34 | R62: TIER_PRICING_VARIANCE
A63: 15 | B63: Williams and Sons | C63: Enterprise | D63: 5015 | E63: 46266 | F63: 155 | G63: 5197 | H63: 5197 | I63: 100 | J63: 99.5 | K63: 0 | L63: 346.74 | M63: 0 | N63: 346.74 | O63: 100624 | P63: 433.43 | Q63: -86.69 | R63: TIER_PRICING_VARIANCE
A64: 27 | B64: Baker and Sons | C64: Growth | D64: 5027 | E64: 46266 | F64: 87 | G64: 3000 | H64: 3000 | I64: 100 | J64: 99 | K64: 0 | L64: 323.73 | M64: 0 | N64: 323.73 | O64: 100636 | P64: 287.76 | Q64: 35.97 | R64: TIER_PRICING_VARIANCE
A65: 29 | B65: Ross, Robinson and Bright | C65: Growth | D65: 5029 | E65: 46266 | F65: 57 | G65: 1874 | H65: 2100 | I65: 100 | J65: 99 | K65: 0 | L65: 207.9 | M65: 0 | N65: 207.9 | Q65: 207.9 | R65: UNBILLED_USAGE
A66: 33 | B66: Ferrell, Rice and Maddox | C66: Enterprise | D66: 5033 | E66: 46266 | F66: 131 | G66: 4153 | H66: 4153 | I66: 96.947 | J66: 99.5 | K66: 0.25 | L66: 213.3 | M66: 53.33 | N66: 159.97 | O66: 100641 | P66: 213.3 | Q66: -53.33 | R66: MISSED_SLA_CREDIT
A67: 35 | B67: Dyer, Potter and Mack | C67: Enterprise | D67: 5035 | E67: 46266 | F67: 141 | G67: 4621 | H67: 4621 | I67: 100 | J67: 99.5 | K67: 0 | L67: 289.09 | M67: 0 | N67: 289.09 | O67: 100643 | P67: 325.23 | Q67: -36.14 | R67: TIER_PRICING_VARIANCE
A68: 45 | B68: Arroyo, Miller and Tucker | C68: Enterprise | D68: 5045 | E68: 46266 | F68: 129 | G68: 4026 | H68: 4026 | I68: 100 | J68: 99.5 | K68: 0 | L68: 228.68 | M68: 0 | N68: 228.68 | O68: 100653 | P68: 285.85 | Q68: -57.17 | R68: TIER_PRICING_VARIANCE
A69: 48 | B69: Martin, Rose and Obrien | C69: Enterprise | D69: 5048 | E69: 46266 | F69: 134 | G69: 4334 | H69: 4334 | I69: 96.269 | J69: 99.5 | K69: 0.25 | L69: 271.83 | M69: 67.96 | N69: 203.87 | O69: 100656 | P69: 271.83 | Q69: -67.96 | R69: MISSED_SLA_CREDIT
A70: 50 | B70: Harris, Collins and Carney | C70: Growth | D70: 5050 | E70: 46266 | F70: 101 | G70: 3405 | H70: 3405 | I70: 100 | J70: 99 | K70: 0 | L70: 287.45 | M70: 0 | N70: 287.45 | O70: 100658 | P70: 319.39 | Q70: -31.94 | R70: TIER_PRICING_VARIANCE
A71: 55 | B71: Jones Inc | C71: Growth | D71: 5055 | E71: 46266 | F71: 93 | G71: 2852 | H71: 2900 | I71: 100 | J71: 99 | K71: 0 | L71: 274.31 | M71: 0 | N71: 274.31 | Q71: 274.31 | R71: UNBILLED_USAGE
